<Ticker>,<DTYYYYMMDD>,<OpenFixed>,<HighFixed>,<LowFixed>,<CloseFixed>,<Volume>
SAB,20161206,121.0788,121.0788,121.0788,121.0788,3010
SAB,20161207,129.5176,129.5176,129.5176,129.5176,30
SAB,20161208,138.5068,138.5068,138.5068,138.5068,1000
SAB,20161209,138.5068,148.1381,138.5068,148.1380,3010
SAB,20161212,158.5031,158.5031,158.5031,158.5031,35690
SAB,20161213,169.5103,169.5103,169.5103,169.5103,96830
SAB,20161214,181.3430,181.3430,181.3430,181.3430,154380
SAB,20161215,194.0012,194.0012,192.6253,194.0012,380050
SAB,20161216,207.5767,207.5767,183.4527,206.3843,387520
SAB,20161219,194.4599,206.3843,194.4598,194.4598,168190
SAB,20161220,193.5425,194.0012,180.8843,180.8843,399710
SAB,20161221,180.8843,186.6631,169.6937,184.1865,241750
SAB,20161222,192.5336,192.5336,186.2045,186.2045,52460
SAB,20161223,186.2045,186.2045,180.7926,183.4527,54810
SAB,20161226,184.3839,184.3839,176.9341,183.4475,169870
SAB,20161227,183.4475,186.0549,179.8158,184.3787,69880
SAB,20161228,186.0549,186.0549,183.5406,185.2168,28530
SAB,20161229,184.3787,184.3787,179.7227,183.4475,98560
SAB,20161230,184.3787,184.3787,182.0507,184.0994,96740
SAB,20170103,184.0994,184.0994,182.4232,183.4475,63170
SAB,20170104,183.4475,184.9374,181.5851,183.4475,87490
SAB,20170105,183.4475,184.3787,182.5163,183.5407,27170
SAB,20170106,184.2857,195.4601,183.6338,191.8284,212390
SAB,20170109,191.8284,193.6908,190.8972,190.8972,31390
SAB,20170110,192.6665,192.6665,187.6380,190.4316,44540
SAB,20170111,189.9660,195.5532,188.1036,195.5532,228480
SAB,20170112,198.3468,198.3468,195.5532,196.1119,55290
SAB,20170113,196.2050,197.6018,196.1119,197.2294,37670
SAB,20170116,196.4844,196.4844,193.6908,194.6220,33890
SAB,20170117,194.1564,202.4441,193.7839,201.6060,113760
SAB,20170118,200.4886,209.5212,200.4886,208.4038,103480
SAB,20170119,209.5212,209.5212,204.8652,208.4038,40040
SAB,20170120,207.6588,209.6144,207.6588,208.4038,77940
SAB,20170123,208.4038,208.4038,205.3308,206.7277,44360
SAB,20170124,204.8653,208.5901,204.8653,206.7277,137100
SAB,20170125,206.7277,208.4039,204.8653,208.4038,18800
SAB,20170202,208.4969,208.4969,203.9340,203.9341,18560
SAB,20170203,202.4442,207.5658,201.5130,202.0716,51700
SAB,20170206,204.3996,204.3996,196.9500,200.2092,50070
SAB,20170207,200.2092,204.8652,198.3468,201.1404,76580
SAB,20170208,201.1404,202.0716,200.2092,200.4886,36350
SAB,20170209,200.4886,200.4886,193.6908,196.4844,150070
SAB,20170210,196.4844,199.2780,196.4844,198.5331,35880
SAB,20170213,198.5331,199.9299,195.5532,198.7193,25240
SAB,20170214,198.7193,201.9785,198.4399,201.1404,72220
SAB,20170215,201.1404,201.1404,198.1605,199.1849,84300
SAB,20170216,199.2780,201.1404,199.2780,200.5817,44230
SAB,20170217,200.2092,200.2092,199.2780,199.9299,34430
SAB,20170220,198.6262,203.0029,198.5331,203.0029,103930
SAB,20170221,202.6304,204.8653,202.6304,204.4928,34930
SAB,20170222,204.3997,209.0557,204.3997,208.8694,100360
SAB,20170223,209.4281,211.3837,208.5900,211.3837,130020
SAB,20170224,212.3149,214.1773,210.4525,211.3837,107840
SAB,20170227,209.0557,212.2218,208.5901,209.6144,61270
SAB,20170228,209.9869,210.6387,209.6144,209.6144,50720
SAB,20170301,210.4525,210.4525,209.5213,210.3594,69440
SAB,20170302,211.3837,211.3837,204.1203,209.4282,30250
SAB,20170303,207.6589,209.8938,205.7965,209.8938,20670
SAB,20170306,209.5213,209.9869,206.7277,209.0557,32990
SAB,20170307,209.4282,209.5213,207.2864,207.2864,35720
SAB,20170308,207.2864,207.2864,203.3753,203.8409,14120
SAB,20170309,201.2335,205.7964,197.4156,201.1404,56450
SAB,20170310,201.1404,201.1404,196.4844,196.4844,17550
SAB,20170313,196.4844,196.4844,192.2009,192.7596,30560
SAB,20170314,192.7596,202.0717,189.2210,199.2780,54260
SAB,20170315,199.2780,200.2092,196.4844,197.0431,13250
SAB,20170316,197.0431,199.2780,191.3627,198.2537,7450
SAB,20170317,198.2537,198.2537,193.6908,193.6908,14250
SAB,20170320,193.6908,195.4601,193.6908,194.6220,7670
SAB,20170321,194.6220,194.6220,190.7109,191.0834,61100
SAB,20170322,191.0834,191.7352,186.7067,189.0348,42630
SAB,20170323,188.3830,190.7110,186.7068,188.1036,20840
SAB,20170324,188.1036,188.1967,185.4031,186.2411,101770
SAB,20170327,186.2411,186.7067,185.3099,186.2411,25830
SAB,20170328,187.1723,188.1035,185.3099,185.3099,55080
SAB,20170329,184.4718,190.8971,184.3787,186.2411,35850
SAB,20170330,186.2411,188.1036,186.2411,188.1036,11700
SAB,20170331,188.1036,188.1036,186.2411,186.2411,10830
SAB,20170403,186.2411,188.0104,186.2411,186.6136,20480
SAB,20170404,185.6824,186.6136,185.6824,186.6136,11070
SAB,20170405,188.5691,189.0348,186.7998,189.0348,24480
SAB,20170407,189.0348,190.8972,188.1036,190.8972,22080
SAB,20170410,189.9660,194.6220,189.8729,194.6220,41220
SAB,20170411,194.6220,195.0876,192.7596,193.2252,47920
SAB,20170412,192.7596,193.2252,189.0348,189.0348,7830
SAB,20170413,188.1036,191.8284,188.1036,190.8972,17760
SAB,20170414,192.6665,192.6665,188.5692,189.9660,24610
SAB,20170417,190.8972,192.7596,189.9660,192.7596,60990
SAB,20170418,191.8284,191.8284,189.5004,190.8972,49600
SAB,20170419,190.8972,190.8972,186.7068,187.6380,9950
SAB,20170420,187.6380,187.6380,186.2411,186.2411,23910
SAB,20170421,186.2411,187.1724,184.3787,187.1724,28730
SAB,20170424,187.1724,187.6380,186.2411,186.2411,54940
SAB,20170425,185.3099,186.2411,185.3099,185.3099,12720
SAB,20170426,185.7755,186.7068,185.3099,186.7068,15380
SAB,20170427,186.7068,187.1724,186.1480,186.1480,66200
SAB,20170428,186.1480,186.2411,184.3787,186.1480,7590
SAB,20170503,186.1480,186.1480,185.3099,186.1480,5880
SAB,20170504,186.1480,186.1480,184.6581,185.3099,39290
SAB,20170505,185.1237,185.6824,185.1237,185.5893,1140
SAB,20170508,185.7755,185.7755,185.3099,185.3099,38090
SAB,20170509,185.3099,185.3099,183.1681,183.1682,15040
SAB,20170510,182.9820,185.3100,182.9820,183.2613,7830
SAB,20170511,183.2613,184.6581,182.4232,182.4232,18710
SAB,20170512,182.5163,184.2856,182.5163,182.9819,7380
SAB,20170515,182.9819,182.9819,180.6539,180.6539,23710
SAB,20170516,180.6539,180.6539,177.9534,177.9534,8650
SAB,20170517,175.0667,181.5851,175.0667,175.7185,21820
SAB,20170518,175.8116,176.9291,175.8116,176.8360,8860
SAB,20170519,176.9291,176.9291,175.9048,176.9291,18730
SAB,20170522,176.9291,178.7915,176.4635,177.3016,68360
SAB,20170523,182.0507,182.2370,177.8603,180.6539,234300
SAB,20170524,180.6539,180.6539,177.2084,177.8603,38050
SAB,20170525,176.9291,177.8603,176.8360,177.8603,48990
SAB,20170526,180.2814,180.2814,175.0667,176.4635,28150
SAB,20170529,176.4635,177.3947,176.4635,176.9291,79770
SAB,20170530,177.8603,177.9534,176.9291,177.8603,49970
SAB,20170531,177.1153,177.9534,176.0910,176.0910,133970
SAB,20170601,176.1841,178.0465,176.1841,176.9291,19790
SAB,20170602,176.9291,177.8603,175.9979,177.8603,11640
SAB,20170605,177.1153,177.8603,176.9291,177.8603,21070
SAB,20170606,177.8603,178.1397,176.2773,178.1397,40210
SAB,20170607,178.1397,178.6984,176.9291,178.6984,32930
SAB,20170608,178.3259,178.3259,177.3947,177.8603,1840
SAB,20170609,176.1841,178.7915,176.1841,177.8603,7830
SAB,20170612,177.8603,180.5608,176.9291,180.5608,55930
SAB,20170613,181.4920,181.4920,179.2571,181.4920,19500
SAB,20170614,181.5851,188.1036,181.4920,186.2411,140190
SAB,20170615,188.1035,188.1035,186.2411,186.2411,13680
SAB,20170616,186.2411,189.0347,186.2411,186.5205,13430
SAB,20170619,187.1723,187.1724,186.2411,187.1724,47210
SAB,20170620,187.1724,189.0348,174.9736,189.0348,48670
SAB,20170621,189.0348,190.8041,188.1036,190.8041,19620
SAB,20170622,190.8041,191.6422,189.1279,190.8972,5890
SAB,20170623,190.7110,192.6665,190.2454,192.6665,36240
SAB,20170626,192.7596,193.2252,191.8284,193.1321,13630
SAB,20170627,193.1321,193.6908,192.2940,193.1321,16400
SAB,20170628,193.1321,193.1321,187.3586,192.5733,8280
SAB,20170629,192.5733,193.2251,188.1966,192.2940,66380
SAB,20170630,192.2940,194.6220,192.2940,193.9702,81400
SAB,20170703,195.5533,196.0189,189.9660,195.5532,50930
SAB,20170704,190.8972,196.3913,190.8972,196.3913,44930
SAB,20170705,194.6220,195.5532,194.6220,195.5532,8580
SAB,20170706,195.5532,195.5532,193.3183,195.5532,5360
SAB,20170707,195.5532,195.6463,194.2495,195.5532,11440
SAB,20170710,195.5532,195.9257,194.6220,195.5532,65040
SAB,20170711,195.5532,196.3913,195.0876,196.0188,85430
SAB,20170712,196.5775,196.9500,195.5532,195.7394,9580
SAB,20170713,195.5532,196.0188,194.1564,196.0188,44270
SAB,20170714,196.9500,197.2294,196.4844,196.9500,50680
SAB,20170717,197.4156,206.7277,197.4156,204.3997,44950
SAB,20170718,207.6589,212.3150,205.7965,210.4525,87890
SAB,20170719,212.2218,219.7646,211.3837,216.1329,171600
SAB,20170720,216.1329,218.8334,210.4525,217.9021,93230
SAB,20170721,217.9021,221.1613,216.0397,219.2990,117590
SAB,20170724,219.2990,220.1371,208.5901,219.2990,111440
SAB,20170725,218.8334,219.7646,216.7847,219.2990,19390
SAB,20170726,219.7646,219.7646,204.3066,219.0196,28870
SAB,20170727,214.1773,219.2058,214.1773,219.0196,25440
SAB,20170728,218.8334,219.2990,215.2017,219.2990,15600
SAB,20170731,216.0398,220.6027,216.0398,220.6026,95520
SAB,20170801,223.4893,228.0523,221.6269,228.0523,69450
SAB,20170802,228.0523,228.6110,223.9550,228.5179,14340
SAB,20170803,228.1454,228.8904,226.3761,228.1454,5910
SAB,20170804,228.8904,228.8904,223.9550,228.8904,15550
SAB,20170807,228.1454,244.9071,228.1454,231.9634,33620
SAB,20170808,240.7167,240.7167,231.9634,235.5951,41220
SAB,20170809,234.6639,241.6479,225.3518,225.3518,61800
SAB,20170810,231.8702,233.2670,225.8174,231.8702,19570
SAB,20170811,231.8702,233.2670,228.2385,230.9390,25140
SAB,20170814,229.1697,232.7083,227.2142,227.2142,25970
SAB,20170815,228.9835,228.9835,220.6958,226.1899,80350
SAB,20170816,228.6110,231.8703,223.5825,231.7771,39460
SAB,20170817,232.6152,244.9071,232.6152,235.5951,85640
SAB,20170818,229.0767,237.4575,229.0767,235.5951,48040
SAB,20170821,230.9391,239.3199,228.1455,239.3199,59480
SAB,20170822,241.0892,241.0892,225.8174,229.2629,40100
SAB,20170823,232.6152,237.3644,224.4206,237.1781,46130
SAB,20170824,237.1781,237.4575,229.0766,237.1781,67660
SAB,20170825,230.9390,236.4331,229.1697,235.5951,10060
SAB,20170828,235.5951,235.5951,228.1455,235.1295,23900
SAB,20170829,230.0079,232.8015,229.8216,231.8702,16570
SAB,20170830,232.7083,232.8014,230.1940,232.8014,10860
SAB,20170831,230.1009,237.7368,230.1009,233.7326,49740
SAB,20170901,233.7326,236.9919,233.7326,236.9919,18680
SAB,20170905,236.9919,244.9072,236.9919,237.4575,42560
SAB,20170906,238.3887,244.9071,238.3887,244.9071,22460
SAB,20170907,244.9071,252.5430,241.3685,252.5430,107880
SAB,20170908,255.1504,262.3207,254.2192,262.3207,48020
SAB,20170911,262.3207,269.1185,262.3207,265.3936,29280
SAB,20170912,260.7376,269.1184,260.7376,261.6688,28500
SAB,20170913,261.6688,265.3005,258.2233,258.2234,27310
SAB,20170914,259.8065,259.8065,252.8224,253.7536,36910
SAB,20170915,248.6320,253.2880,248.6320,253.2880,24350
SAB,20170918,260.6445,260.6445,249.5632,257.4784,19100
SAB,20170919,257.4784,258.8752,253.2880,256.0816,20580
SAB,20170920,257.9440,257.9440,253.1949,254.2192,12860
SAB,20170921,253.2880,253.2880,246.7695,246.7695,52660
SAB,20170922,252.2636,252.2636,246.7695,247.8870,5950
SAB,20170925,247.8870,247.8870,232.8015,243.5103,14620
SAB,20170926,243.5103,243.5103,239.4130,240.2511,5600
SAB,20170927,240.2511,240.2511,235.5951,237.4575,15050
SAB,20170928,237.4575,251.4256,234.2914,247.7938,16960
SAB,20170929,247.7007,253.7535,242.1134,242.1135,13640
SAB,20171002,242.1135,244.8140,238.3887,240.2511,3580
SAB,20171003,243.9759,243.9759,238.4818,239.1336,7330
SAB,20171004,237.6437,242.4860,237.6437,242.4860,3250
SAB,20171005,237.4575,246.5833,237.4575,242.1135,2220
SAB,20171006,243.8828,243.8828,237.6437,242.2066,1920
SAB,20171009,244.7209,244.7209,237.9231,242.2066,12300
SAB,20171010,243.6965,243.7896,241.5548,242.2066,20900
SAB,20171011,242.0204,243.8828,241.9272,243.7897,15300
SAB,20171012,243.1379,247.9801,243.1379,247.7007,19470
SAB,20171013,247.7007,253.2880,243.1378,253.2880,57150
SAB,20171016,253.2880,253.9398,250.4944,253.2880,47420
SAB,20171017,253.2880,259.8064,249.7494,259.8064,40630
SAB,20171018,258.0371,262.6000,257.9440,262.1344,177700
SAB,20171019,265.2074,265.3936,258.8752,258.8752,38990
SAB,20171020,256.6403,264.4624,251.4256,251.4256,27530
SAB,20171023,257.0128,260.7377,251.5187,260.7376,36380
SAB,20171024,260.7376,262.5069,251.5187,261.2032,54670
SAB,20171025,261.2032,261.2032,255.1504,260.1789,5720
SAB,20171026,261.2032,262.6000,256.0816,262.6000,45560
SAB,20171027,262.6000,262.6000,253.3811,261.2032,26460
SAB,20171030,260.7376,267.2560,257.9440,267.2560,110150
SAB,20171031,267.2560,267.2560,263.6243,265.9524,3060
SAB,20171101,265.9524,267.2561,261.3895,267.1629,18930
SAB,20171102,267.1629,269.1185,264.4624,269.1185,43940
SAB,20171103,265.8593,270.0497,261.7620,270.0497,12150
SAB,20171106,270.0497,271.9121,268.1873,270.0497,7770
SAB,20171107,269.1185,270.0497,265.4868,265.4868,50470
SAB,20171108,268.9323,278.3374,258.5959,262.1344,79920
SAB,20171109,262.1344,263.4381,258.5958,258.9683,4680
SAB,20171110,258.9683,258.9683,255.0572,257.4784,16650
SAB,20171113,257.4784,263.3450,257.0128,257.1990,37370
SAB,20171114,257.1990,260.7376,255.3366,255.3366,18400
SAB,20171115,255.2435,259.3408,251.1462,252.2636,44210
SAB,20171116,249.5631,260.7376,249.5631,260.7376,55060
SAB,20171117,261.6688,264.3693,256.3609,260.7376,81030
SAB,20171120,257.0128,261.4826,256.3609,261.2963,46050
SAB,20171121,261.2963,278.4305,261.2032,272.8433,116870
SAB,20171122,272.8433,287.7426,272.8433,287.1839,113570
SAB,20171123,287.1839,288.6738,280.2930,287.7426,34940
SAB,20171124,288.6738,297.6134,284.0178,296.8684,55290
SAB,20171127,288.7669,297.0546,279.5480,282.1553,27840
SAB,20171128,280.2929,297.9858,280.2929,297.9858,41090
SAB,20171129,311.0227,318.8448,300.7794,315.6787,114970
SAB,20171130,318.2861,323.1283,306.3666,306.3667,59880
SAB,20171201,306.3667,308.6947,302.7350,307.2979,41490
SAB,20171204,307.2979,317.5412,307.2979,309.4397,77450
SAB,20171205,313.7232,314.7476,307.2979,307.2979,64960
SAB,20171206,307.2979,310.0915,294.2610,305.4355,65890
SAB,20171207,307.2979,310.0915,293.3298,297.4271,50120
SAB,20171208,294.2610,297.5202,286.3458,287.7426,85860
SAB,20171211,289.6050,289.6050,272.8433,272.8433,142910
SAB,20171212,291.9330,291.9330,286.8114,291.4674,311160
SAB,20171213,297.7065,298.9170,291.4674,292.3986,133180
SAB,20171214,295.1922,295.1922,287.7426,287.7426,131480
SAB,20171215,287.7426,288.6738,285.8802,287.9288,138480
SAB,20171218,287.9288,296.0303,287.9288,287.9288,255930
SAB,20171219,287.9288,288.6738,267.8148,267.8148,362340
SAB,20171220,249.5632,260.7376,249.0975,249.0975,276270
SAB,20171221,234.6638,246.7695,231.7771,232.0565,583060
SAB,20171222,240.2511,243.9759,233.7326,233.7326,226780
SAB,20171225,237.3643,247.6076,234.6638,246.3970,119540
SAB,20171226,245.8383,246.0245,238.3886,239.3199,174190
SAB,20171227,238.3887,242.1135,234.8501,234.8501,156790
SAB,20171228,236.5263,236.5263,232.0565,232.0565,177330
SAB,20171229,236.3400,236.3400,232.0565,232.1496,170350
SAB,20180102,236.5263,237.1781,232.7083,234.9432,116190
SAB,20180103,234.9432,246.7695,234.9432,246.7695,231500
SAB,20180104,249.5631,250.2150,244.9071,249.0975,238800
SAB,20180105,249.5631,250.0287,245.0002,246.1177,131870
SAB,20180108,244.9071,245.8383,241.1823,243.0447,115690
SAB,20180109,245.8383,245.8383,242.1135,243.0447,127130
SAB,20180110,243.0447,243.9759,241.1823,241.6479,82190
SAB,20180111,243.0447,245.8383,241.4617,243.0447,184000
SAB,20180112,244.9071,244.9071,241.1823,242.7653,94390
SAB,20180115,246.3520,246.3520,231.3444,245.8782,81970
SAB,20180116,245.8782,245.8782,243.5185,244.4624,152440
SAB,20180117,244.4624,245.8782,243.0466,243.5185,171960
SAB,20180118,243.3297,243.3297,239.0823,243.3297,104920
SAB,20180119,243.3297,243.5185,240.6869,241.1588,200930
SAB,20180122,240.6869,247.2940,237.4777,246.3501,184370
SAB,20180125,247.2940,247.2940,242.5746,243.5185,94990
SAB,20180126,243.5185,243.6129,237.9497,237.9497,103010
SAB,20180129,237.9497,238.4216,231.2482,231.2482,164600
SAB,20180130,230.3043,232.1921,229.8324,232.1921,95220
SAB,20180131,232.1921,237.8553,232.1921,233.1359,124310
SAB,20180201,233.1359,233.1359,229.9267,231.2482,138000
SAB,20180202,231.2482,233.1359,227.5671,233.1359,77900
SAB,20180205,231.2482,232.9471,222.7533,225.4906,126340
SAB,20180206,225.4906,225.4906,209.8224,219.6386,134250
SAB,20180207,219.7330,227.4727,219.4498,219.7330,45750
SAB,20180208,219.7330,220.8656,212.3708,212.3708,67480
SAB,20180209,212.3708,212.3708,203.8760,212.3708,96300
SAB,20180212,217.0902,219.9218,212.3708,219.9217,108810
SAB,20180213,220.8656,223.6972,219.9217,220.7712,20870
SAB,20180221,224.6411,231.2482,220.8656,227.4727,52050
SAB,20180222,226.5288,228.4166,224.4523,224.4523,121670
SAB,20180223,229.3604,229.3604,223.5084,226.5288,44180
SAB,20180226,226.5288,230.3043,223.6972,229.0773,220820
SAB,20180227,231.2482,231.2482,225.8681,227.9446,202240
SAB,20180228,228.4165,228.4165,221.9982,221.9983,101780
SAB,20180301,219.9218,221.9983,216.9958,218.9779,104990
SAB,20180302,216.4295,217.0902,215.0136,215.2024,89080
SAB,20180305,215.2024,217.8452,213.3147,213.3147,80570
SAB,20180306,213.3147,213.5035,207.1795,208.1234,259600
SAB,20180307,208.1234,211.3326,207.6515,208.5953,84500
SAB,20180308,209.5392,209.5392,207.6514,207.7458,48500
SAB,20180309,209.5392,209.6335,207.0851,208.0290,49770
SAB,20180312,209.5392,209.5392,207.6515,207.8402,41840
SAB,20180313,208.5953,208.5953,203.4040,204.8198,100580
SAB,20180314,203.8759,204.7254,196.3250,202.5545,215240
SAB,20180315,199.1566,201.9882,193.3046,201.9882,196320
SAB,20180316,206.7076,215.9575,198.2127,215.6743,442820
SAB,20180319,217.0901,221.6207,212.3708,212.3708,103660
SAB,20180320,208.6897,216.0519,206.8964,213.3147,89610
SAB,20180321,214.2586,215.2024,209.5392,213.3147,106190
SAB,20180322,213.3147,222.2815,210.4831,218.0340,199230
SAB,20180323,217.1845,223.6972,213.4090,222.1870,162010
SAB,20180326,220.8656,231.2482,220.8656,230.4931,174720
SAB,20180327,234.9293,234.9293,226.6232,230.3043,83420
SAB,20180328,230.3043,231.2482,224.6411,225.6794,104670
SAB,20180329,228.4166,228.4166,225.5850,225.6794,78840
SAB,20180330,225.6794,228.4166,225.6794,227.0952,76080
SAB,20180402,229.8324,231.2482,224.6411,224.6411,88560
SAB,20180403,224.6411,225.5850,216.1463,216.1463,65850
SAB,20180404,218.0340,218.0340,210.4831,213.3147,55540
SAB,20180405,213.4091,220.3937,210.4831,214.4473,43680
SAB,20180406,213.3147,217.0901,213.3147,214.4473,32490
SAB,20180409,211.4269,216.1463,211.4269,212.3708,43750
SAB,20180410,213.2203,219.5442,210.9550,217.0901,87150
SAB,20180411,214.3529,221.7151,214.3529,217.0901,46760
SAB,20180412,217.0901,218.0340,215.2024,217.0901,55840
SAB,20180413,216.2406,218.9778,214.7304,215.0136,73370
SAB,20180416,216.1462,217.4677,214.7304,216.6182,31290
SAB,20180417,217.2789,218.0340,215.2024,216.1463,24610
SAB,20180418,218.0340,218.0340,214.4473,215.2024,51070
SAB,20180419,215.9575,215.9575,200.2892,200.2892,77190
SAB,20180420,200.2892,210.5774,200.2892,209.5392,54550
SAB,20180423,211.4269,215.2024,203.8760,205.2918,54110
SAB,20180424,204.8199,210.4831,202.9321,204.8198,46310
SAB,20180426,208.5953,208.5953,204.8198,206.7076,33360
SAB,20180427,206.2357,208.1234,201.0443,201.0443,89760
SAB,20180502,202.9320,203.8759,201.0443,201.1387,48470
SAB,20180503,201.0443,205.2917,200.3836,205.1030,30530
SAB,20180504,206.7076,206.7076,203.8760,206.7076,19780
SAB,20180507,207.6515,221.1488,207.5571,221.1488,65630
SAB,20180508,221.1488,228.3222,217.0902,221.7151,60600
SAB,20180509,225.5850,225.6794,218.3172,220.8656,74870
SAB,20180510,218.9779,224.1691,207.6514,220.8656,66110
SAB,20180511,220.8656,222.7534,215.3912,222.7534,53000
SAB,20180514,224.6411,232.1921,217.1846,232.1921,96830
SAB,20180515,233.6079,243.5185,228.4166,235.9675,122170
SAB,20180516,235.9675,237.8553,230.3043,237.8553,48810
SAB,20180517,235.4956,237.1002,227.9446,227.9446,97390
SAB,20180518,231.7201,238.2328,228.1334,238.2328,76970
SAB,20180521,238.2328,240.7812,233.6078,236.9114,122730
SAB,20180522,233.7966,235.7788,231.2482,233.9854,79840
SAB,20180523,235.0237,236.0619,227.6615,229.3604,137620
SAB,20180524,230.3043,231.2481,219.9217,229.1717,103370
SAB,20180525,223.5085,231.0594,220.8656,220.8656,71290
SAB,20180528,215.2024,224.3579,215.2024,218.9779,51610
SAB,20180529,221.0544,221.0544,209.5392,216.1463,99830
SAB,20180530,213.0315,217.0902,208.8785,216.1463,104040
SAB,20180531,216.1463,231.2482,211.4269,226.5288,210920
SAB,20180601,229.3604,231.2482,222.9421,231.2482,77480
SAB,20180604,230.3043,231.2482,225.5850,228.0390,50940
SAB,20180605,227.5671,235.9675,225.5849,233.7022,52080
SAB,20180606,231.2481,235.7787,230.3043,233.1359,31750
SAB,20180607,233.1359,235.9675,229.3604,234.0798,35980
SAB,20180608,231.2482,235.0237,229.3604,231.2482,45080
SAB,20180611,229.3605,233.8910,228.6054,229.3604,56660
SAB,20180612,229.3604,229.3604,222.7533,225.5850,38540
SAB,20180613,225.5850,225.5850,220.8656,221.9039,25070
SAB,20180614,221.9983,224.6411,220.0161,220.0161,45510
SAB,20180615,219.9217,221.6207,215.4855,221.4319,64480
SAB,20180618,220.8656,223.6972,218.0340,218.9779,29860
SAB,20180619,217.5621,221.2432,203.7816,212.3708,112000
SAB,20180620,203.8760,215.1080,203.8760,215.1080,91770
SAB,20180621,215.1080,215.1080,209.5392,213.3147,53980
SAB,20180622,213.3147,214.2586,210.0112,213.3147,32580
SAB,20180625,213.3147,214.1642,210.8606,212.6539,30380
SAB,20180626,212.3707,212.3707,209.0672,210.1999,32870
SAB,20180627,209.6336,212.1820,209.0673,210.1999,54630
SAB,20180628,208.7841,209.5392,204.9142,207.0851,45520
SAB,20180629,207.0851,212.8427,203.9703,212.8427,69820
SAB,20180702,212.3708,217.0901,208.3121,217.0901,57880
SAB,20180703,217.0901,217.0901,212.6539,215.2968,52210
SAB,20180704,211.4269,215.2024,211.4269,213.3147,47480
SAB,20180705,214.1642,214.1642,207.6514,207.6514,25820
SAB,20180706,207.6514,209.4448,203.8759,207.6514,34770
SAB,20180709,210.3886,210.4830,206.9907,208.3121,16370
SAB,20180710,210.3886,210.3886,205.4805,207.6514,81620
SAB,20180711,208.3121,208.3121,204.9142,207.6514,78980
SAB,20180712,205.7637,208.5953,205.7637,205.8581,25860
SAB,20180713,205.7637,206.8020,201.9882,205.7637,114030
SAB,20180716,205.7637,205.7637,201.9882,205.6693,74340
SAB,20180717,203.8759,205.7637,202.0826,205.7637,63080
SAB,20180718,205.7637,205.7637,202.9321,205.6693,57210
SAB,20180719,203.9703,205.7637,202.9321,202.9321,68430
SAB,20180720,202.9321,204.3479,188.7740,188.7740,167500
SAB,20180723,193.4933,198.6847,192.0775,198.6847,121840
SAB,20180724,199.1566,199.1566,194.2485,198.2127,106300
SAB,20180725,194.1541,197.2688,193.5877,195.3811,89120
SAB,20180726,191.2281,195.3811,190.8505,195.3811,113290
SAB,20180727,191.7000,195.3811,191.7000,195.3811,71130
SAB,20180730,195.3811,195.3811,193.4934,195.1923,41840
SAB,20180731,192.6439,195.3811,192.5495,193.9653,112500
SAB,20180801,193.4934,194.4372,192.2663,193.4934,33350
SAB,20180802,192.6439,194.3429,191.6057,192.5495,41290
SAB,20180803,192.0776,193.4934,188.3021,188.6796,83590
SAB,20180806,188.6796,188.7740,186.1312,187.8302,58550
SAB,20180807,186.4144,187.8302,182.9221,187.8302,77380
SAB,20180808,185.9425,188.7741,184.0547,188.7740,72620
SAB,20180809,188.7740,196.3250,187.8301,196.3250,134190
SAB,20180810,196.3250,197.7408,192.5495,197.2689,79050
SAB,20180813,197.2689,198.2128,194.5317,198.2127,84580
SAB,20180814,198.2127,198.2127,195.8530,198.2127,33560
SAB,20180815,198.2127,200.0061,196.3250,199.1566,44610
SAB,20180816,199.1566,200.1005,195.6643,200.1005,56860
SAB,20180817,200.1005,201.0444,198.2128,201.0443,45730
SAB,20180820,198.3071,201.0443,198.2127,201.0443,34660
SAB,20180821,201.0443,201.0443,196.8913,201.0443,71180
SAB,20180822,201.0443,201.0443,198.3071,201.0443,42550
SAB,20180823,200.1004,201.0443,198.4959,200.5724,79280
SAB,20180824,199.1566,201.0443,198.2127,201.0443,95550
SAB,20180827,201.9882,210.2942,201.2331,206.7076,67490
SAB,20180828,206.7076,210.4831,206.4244,209.5392,38360
SAB,20180829,209.5392,213.3147,207.6515,213.3147,25460
SAB,20180830,209.7280,213.3147,209.7280,213.3147,37240
SAB,20180831,213.3147,213.3147,210.7663,213.3147,47370
SAB,20180904,213.3147,213.3147,211.0494,211.2381,60720
SAB,20180905,211.2381,211.2381,208.6897,210.3887,38610
SAB,20180906,209.5392,210.3887,206.7076,210.2943,41630
SAB,20180907,207.6515,210.3887,206.8964,210.2943,32790
SAB,20180910,210.1999,210.4831,207.7459,210.4830,31480
SAB,20180911,210.4830,210.4830,207.8402,210.4830,19770
SAB,20180912,209.6335,210.3886,207.9346,210.2943,11530
SAB,20180913,208.5953,210.1999,208.5953,209.5392,7230
SAB,20180914,209.5392,212.3708,209.5392,210.2943,42150
SAB,20180917,212.3708,212.3708,209.0673,209.6336,5410
SAB,20180918,211.4270,211.4270,209.5392,210.4830,24680
SAB,20180919,210.4830,210.4830,207.6514,207.6514,19770
SAB,20180920,207.6514,209.5391,206.2356,207.5570,9720
SAB,20180921,206.2356,209.4447,205.1029,206.7076,30810
SAB,20180924,206.7076,206.7076,205.2918,206.6132,26420
SAB,20180925,206.6132,206.7076,205.5749,206.7076,18180
SAB,20180926,206.7076,206.7076,204.8199,206.6132,22560
SAB,20180927,206.6132,209.5392,205.9525,207.6514,34790
SAB,20180928,208.5953,210.0111,207.6514,210.0111,66090
SAB,20181001,209.8223,209.8223,207.6514,209.7279,20780
SAB,20181002,209.7279,212.3708,207.4626,212.3708,103220
SAB,20181003,212.3708,214.2585,212.3708,213.0315,17230
SAB,20181004,213.3147,213.9754,212.3708,213.3147,4940
SAB,20181005,210.4831,213.2203,209.5392,210.6718,22290
SAB,20181008,209.2560,210.6718,207.5570,210.6718,24950
SAB,20181009,209.2560,210.6718,207.7458,210.6718,27710
SAB,20181010,209.2560,213.3147,209.2560,213.3147,18450
SAB,20181011,213.3147,213.3147,206.1413,209.5392,21230
SAB,20181012,209.5392,210.4831,206.7076,210.0111,40990
SAB,20181015,208.1234,212.2764,207.6514,210.4830,45960
SAB,20181016,209.6278,213.0487,209.5327,210.9640,22050
SAB,20181017,210.9640,212.1994,210.1087,211.9143,36550
SAB,20181018,212.7696,212.7696,210.2038,210.9640,10210
SAB,20181019,209.0634,211.6292,207.1628,209.0635,24610
SAB,20181022,209.0635,211.4392,207.1629,210.9640,31600
SAB,20181023,210.9640,212.8646,209.0634,211.8193,34600
SAB,20181024,211.3442,212.9596,209.5386,210.9640,54220
SAB,20181025,206.3076,210.9640,206.2126,210.9640,26680
SAB,20181026,212.2944,212.2944,208.3032,210.2038,32970
SAB,20181029,210.9640,211.4392,210.2038,210.9640,67050
SAB,20181030,210.9640,211.8193,201.4611,211.1541,90870
SAB,20181031,211.1541,211.4392,205.3573,211.4392,55160
SAB,20181101,211.4392,211.4392,207.3530,210.9640,11320
SAB,20181102,209.0634,211.4391,207.6380,210.9640,81350
SAB,20181105,208.1131,211.9143,207.2579,211.9143,42370
SAB,20181106,211.9143,212.3894,208.3032,212.1994,26860
SAB,20181107,212.1994,213.8149,209.1585,213.8149,40070
SAB,20181108,213.8149,215.5254,212.3895,214.6702,26180
SAB,20181109,214.7652,214.7652,212.0094,214.6702,32970
SAB,20181112,214.6702,224.2681,212.8647,221.4172,50480
SAB,20181113,220.7520,229.9698,220.4669,225.7885,49110
SAB,20181114,226.1686,234.2461,225.7885,230.9201,77240
SAB,20181115,230.4450,236.5268,228.0692,232.8207,46990
SAB,20181116,232.8207,234.6262,229.9698,232.8207,42550
SAB,20181119,232.8207,236.1467,229.9698,233.2958,23290
SAB,20181120,230.7300,231.8704,228.1642,231.3952,28270
SAB,20181121,229.9698,229.9698,226.1686,229.9698,61600
SAB,20181122,229.9698,230.9201,227.1189,229.9698,12800
SAB,20181123,229.0195,230.9201,226.6438,229.4947,14130
SAB,20181126,229.9738,229.9738,228.0574,228.1643,21380
SAB,20181127,226.2478,232.8598,226.2478,231.9016,31970
SAB,20181128,231.9016,239.5678,230.2725,239.5677,63680
SAB,20181129,241.4842,245.3173,239.0886,239.5677,114710
SAB,20181130,239.0886,240.5260,236.2138,239.5677,55080
SAB,20181203,244.3591,244.3591,237.6512,240.5260,19310
SAB,20181204,238.6095,241.4843,237.6512,237.6512,32320
SAB,20181205,239.3761,239.3761,235.2555,235.2555,24420
SAB,20181206,234.9680,237.3637,231.9016,236.6929,15460
SAB,20181207,235.7346,240.4302,233.9139,236.9804,30960
SAB,20181210,232.8598,238.5136,232.8598,237.6512,44570
SAB,20181211,236.1180,242.4426,236.1180,242.4425,28960
SAB,20181212,239.1844,244.3590,239.1844,242.4425,49700
SAB,20181213,242.7300,243.4008,239.7593,239.7594,30870
SAB,20181214,239.8552,242.2509,238.7053,239.9510,31370
SAB,20181217,237.6512,239.9510,237.5553,239.9510,59460
SAB,20181218,239.9510,239.9510,235.7346,239.9510,45170
SAB,20181219,239.5677,239.9510,235.3513,239.5677,102270
SAB,20181220,239.5677,239.5677,236.2138,236.6929,89640
SAB,20181221,234.7764,236.6929,233.1473,236.6929,67740
SAB,20181224,229.9850,238.5136,229.9850,236.5971,43500
SAB,20181225,232.0932,236.5971,232.0932,236.5971,40810
SAB,20181226,232.7640,238.6095,232.7640,238.6094,23360
SAB,20181227,239.4718,240.4301,236.6929,240.3343,35850
SAB,20181228,240.3343,256.3375,236.2137,256.3375,46420
SAB,20190102,256.3375,256.3375,238.4178,238.4178,46990
SAB,20190103,238.4178,244.3591,223.4688,235.2555,98800
SAB,20190104,235.7346,235.7346,225.2895,233.0515,8540
SAB,20190107,233.0515,237.6512,230.9433,233.8181,12270
SAB,20190108,233.0515,233.8181,229.1226,233.8181,11600
SAB,20190109,233.8181,237.6512,229.0267,233.8181,25150
SAB,20190110,230.5600,233.6264,229.3142,229.9850,28560
SAB,20190111,229.9850,230.4641,226.2477,229.9850,38820
SAB,20190114,232.3807,232.3807,227.9726,229.9850,45290
SAB,20190115,228.0685,229.8892,228.0685,229.6017,23500
SAB,20190116,228.3559,230.9433,228.0685,229.0267,30300
SAB,20190117,228.0684,230.7516,224.7145,224.7145,41400
SAB,20190118,224.7145,227.4935,224.6187,224.7145,14340
SAB,20190121,227.3018,227.3018,224.7145,224.7145,4770
SAB,20190122,225.1936,225.1936,222.7980,224.0437,14570
SAB,20190123,224.0437,224.7145,222.4146,224.0437,16500
SAB,20190124,225.0020,225.1936,222.3188,223.2771,35920
SAB,20190125,222.3188,224.1395,221.4564,223.2771,26850
SAB,20190128,223.2771,225.0020,221.3606,223.2771,24370
SAB,20190129,224.7145,224.7145,221.4564,223.2771,18620
SAB,20190130,223.2771,225.0020,222.0313,223.2771,36010
SAB,20190131,223.2771,223.7562,222.4147,223.2771,21200
SAB,20190201,223.2771,225.0020,221.3606,223.2771,80480
SAB,20190211,224.2354,224.4270,221.7439,223.5646,42810
SAB,20190212,229.0267,229.0267,223.7563,227.8768,11200
SAB,20190213,227.8768,227.9726,225.3853,226.2478,118000
SAB,20190214,228.0685,228.0685,226.1520,228.0685,123270
SAB,20190215,229.5059,229.7934,227.2061,228.4518,48220
SAB,20190218,228.9309,229.9850,228.9309,229.9850,19000
SAB,20190219,229.0267,232.0932,228.0685,230.9433,25550
SAB,20190220,229.0268,233.8181,229.0268,233.8181,39420
SAB,20190221,233.8181,237.6512,233.8181,237.6512,24550
SAB,20190222,237.6512,238.3220,236.6929,236.6929,14040
SAB,20190225,236.6929,237.4595,235.7346,237.4595,31140
SAB,20190226,235.7346,237.6512,235.7346,236.6929,26360
SAB,20190227,237.6512,237.6512,235.7346,237.1720,7770
SAB,20190228,235.0638,237.1720,229.9850,229.9850,31930
SAB,20190301,226.4394,235.7346,226.4394,231.9016,31250
SAB,20190304,229.9851,235.2555,229.0268,231.9016,44090
SAB,20190305,234.2973,234.5848,230.0809,233.3390,10220
SAB,20190306,230.3684,234.7764,229.9851,233.7223,22910
SAB,20190307,231.9016,232.7640,230.4642,231.0391,25340
SAB,20190308,232.7640,234.7764,230.9433,234.7764,29050
SAB,20190311,234.7764,236.0222,231.5183,234.7764,20340
SAB,20190312,234.7764,242.0593,234.4889,241.4843,42620
SAB,20190313,238.8970,247.2339,225.0979,244.3591,54140
SAB,20190314,242.4426,246.7548,241.4843,242.4425,26120
SAB,20190315,244.3590,244.3590,237.4595,243.2091,40550
SAB,20190318,239.6635,243.2091,234.8721,234.8722,75530
SAB,20190319,234.8722,239.0886,234.8722,237.6512,37320
SAB,20190320,234.7764,239.5677,234.7764,239.0886,17820
SAB,20190321,240.4302,240.5260,235.3513,238.9928,17670
SAB,20190322,234.7764,240.5260,234.7764,240.5260,30810
SAB,20190325,239.5677,239.5677,234.7764,238.4178,5640
SAB,20190326,238.4178,240.4302,236.8846,240.3343,41590
SAB,20190327,240.3343,240.5260,236.9804,240.3343,12020
SAB,20190328,240.3343,240.3343,237.2678,239.5677,8320
SAB,20190329,241.3884,241.3884,236.6929,239.2802,122590
SAB,20190401,239.9510,239.9510,237.1720,239.2802,23050
SAB,20190402,240.6218,240.6218,235.7346,235.7346,21890
SAB,20190403,238.2261,238.2261,235.1596,236.5971,1200
SAB,20190404,236.5971,240.3344,235.8305,239.3761,38740
SAB,20190405,236.7888,240.2385,236.7888,237.6512,13040
SAB,20190408,239.4719,239.4719,237.6512,238.9928,2390
SAB,20190409,236.3096,238.9928,234.8722,234.8722,22770
SAB,20190410,238.6095,238.6095,230.0808,236.6929,39630
SAB,20190411,236.6929,239.3761,231.1349,237.1720,32940
SAB,20190412,237.1720,238.1303,234.0097,234.0097,5890
SAB,20190416,234.0097,236.6929,231.1349,235.9263,13250
SAB,20190417,233.9139,237.1721,233.9139,236.5013,12340
SAB,20190418,236.4055,236.6930,221.3606,221.3606,41150
SAB,20190419,232.8599,232.8599,227.2061,230.4641,8170
SAB,20190422,230.4641,232.8598,226.6310,232.8598,18000
SAB,20190423,229.9850,231.9015,228.5476,230.4641,23410
SAB,20190424,230.9432,231.9015,229.2183,229.9850,49760
SAB,20190425,230.0808,230.0808,226.6311,229.0267,43550
SAB,20190426,227.1102,231.9015,225.2894,229.2184,27270
SAB,20190502,229.2184,233.8181,229.2184,233.5306,48200
SAB,20190503,233.5306,233.6264,229.6975,233.5306,80940
SAB,20190506,233.3389,233.3389,228.3559,230.4641,20240
SAB,20190507,229.2183,232.8598,229.2183,231.5182,7320
SAB,20190508,229.9850,232.8598,229.9850,232.0932,28490
SAB,20190509,229.5059,236.5971,229.5059,235.7346,20630
SAB,20190510,236.6929,238.9927,232.8598,237.6512,23230
SAB,20190513,239.0886,241.4843,237.6512,237.6512,15300
SAB,20190514,237.6512,248.1922,234.8722,242.4425,15220
SAB,20190515,241.4842,246.8505,241.4842,242.4425,108360
SAB,20190516,243.4008,243.8799,234.7763,234.7764,20320
SAB,20190517,244.2633,247.2339,237.1721,246.2756,31530
SAB,20190520,246.2756,253.9418,241.4842,252.0252,30630
SAB,20190521,250.5878,252.9835,249.4379,252.6960,17760
SAB,20190522,252.6002,252.6960,249.8212,252.6960,24670
SAB,20190523,252.6960,252.6960,249.1504,250.2045,14780
SAB,20190524,249.2462,252.8877,249.2462,250.3004,37100
SAB,20190527,252.7919,253.9418,249.1505,253.9418,20920
SAB,20190528,253.9418,253.9418,249.1504,249.1504,28730
SAB,20190529,249.1504,252.0252,248.0963,249.4379,13900
SAB,20190530,251.0670,255.8583,245.3173,252.5044,21680
SAB,20190531,252.4086,255.8583,249.2463,255.8583,8830
SAB,20190603,252.5044,262.5662,246.2756,258.7331,98360
SAB,20190604,254.0376,261.6080,254.0376,261.6080,30160
SAB,20190605,258.8290,268.3159,257.2958,262.5662,28210
SAB,20190606,262.5662,263.5245,256.8166,262.5662,35900
SAB,20190607,262.6620,264.9619,258.1582,264.8661,40580
SAB,20190610,264.8661,270.1366,264.4828,270.0407,105770
SAB,20190611,268.3158,268.3158,264.4827,264.4828,45180
SAB,20190612,264.4828,264.4828,255.8584,262.5662,77400
SAB,20190613,262.5662,263.0453,259.6914,262.5662,12580
SAB,20190614,255.7625,262.5662,255.7625,261.6080,13550
SAB,20190617,261.6080,261.6080,255.8584,261.6080,37450
SAB,20190618,261.6080,261.6080,255.3792,261.6080,4510
SAB,20190619,261.6080,264.0037,259.8831,264.0036,19130
SAB,20190620,257.7748,271.6698,257.7748,263.5245,76630
SAB,20190621,269.1783,269.1783,263.5245,266.3993,9220
SAB,20190624,266.3993,269.2741,266.3993,269.2741,16480
SAB,20190625,269.2741,270.0407,266.3993,270.0407,39550
SAB,20190626,264.4827,273.1072,264.4827,270.2324,15730
SAB,20190627,268.5075,270.2324,260.6497,260.6497,39120
SAB,20190628,261.6080,268.3159,258.8290,263.5245,22590
SAB,20190701,267.2618,267.3576,264.5786,266.3035,17170
SAB,20190702,266.3993,268.1242,263.6203,263.7161,9480
SAB,20190703,263.7161,265.4410,263.5244,264.4828,27280
SAB,20190704,264.4828,267.3576,263.5245,267.3576,31530
SAB,20190705,267.3576,268.3159,264.4828,268.3158,21150
SAB,20190708,268.3158,270.0407,265.5368,269.2741,70050
SAB,20190709,266.3993,269.2741,265.4410,269.2741,65350
SAB,20190710,269.2741,274.9279,268.3158,273.1072,28070
SAB,20190711,273.1072,275.0237,270.3282,274.0655,37210
SAB,20190712,274.0655,278.8569,274.0655,276.9403,20990
SAB,20190715,277.1320,277.8027,270.2324,270.2324,37440
SAB,20190716,273.1072,273.1072,270.2324,273.1072,7260
SAB,20190717,273.1072,275.0237,270.7115,274.0655,43080
SAB,20190718,272.1490,274.0655,269.2741,272.1489,45670
SAB,20190719,273.1072,273.1072,265.5368,265.5369,20120
SAB,20190722,265.5369,269.2742,264.9619,265.6327,28670
SAB,20190723,265.6327,268.3159,265.6327,265.7285,6900
SAB,20190724,265.7285,269.2741,264.4827,265.9202,55700
SAB,20190725,265.9202,271.1907,265.9202,271.1907,20380
SAB,20190726,272.6281,272.6281,265.6327,267.2617,15060
SAB,20190729,267.2617,270.2323,266.3993,266.3993,30020
SAB,20190730,270.1366,270.1366,266.8784,269.2741,27200
SAB,20190731,268.3158,270.2324,267.3576,267.3576,46980
SAB,20190801,269.6575,269.7533,265.2494,269.7533,16600
SAB,20190802,266.5910,269.2742,266.3994,268.3158,33700
SAB,20190805,265.7285,270.1365,265.7285,268.5075,13480
SAB,20190806,265.1536,269.9449,265.1536,267.5492,15520
SAB,20190807,265.2494,268.3158,262.5662,268.3158,69110
SAB,20190808,268.3158,268.3158,262.6620,268.3158,61830
SAB,20190809,265.1535,270.2323,263.7161,264.1953,7790
SAB,20190812,267.8367,267.8367,262.9495,262.9495,6910
SAB,20190813,268.3158,269.2741,263.1412,265.4410,35660
SAB,20190814,265.6327,267.1659,264.4827,265.4410,29000
SAB,20190815,265.4410,273.1072,264.0036,273.1072,15480
SAB,20190816,269.2741,269.2741,264.4828,264.4828,78780
SAB,20190819,267.5493,267.5493,264.0037,264.9619,5550
SAB,20190820,266.3993,266.8784,263.6203,264.9619,21680
SAB,20190821,266.3993,266.3993,263.0454,266.3035,8310
SAB,20190822,266.3993,267.7409,264.4828,264.4828,18250
SAB,20190823,264.9619,266.8785,264.0995,264.0995,35980
SAB,20190826,264.4828,264.4828,261.7038,261.9913,50520
SAB,20190827,261.9913,262.5663,258.8290,258.8290,58130
SAB,20190828,258.6373,264.1953,258.6373,260.6497,3430
SAB,20190829,261.1288,263.0454,261.1288,261.6080,36440
SAB,20190830,264.2912,264.2912,260.6497,261.6080,27590
SAB,20190903,261.6080,261.6080,259.7873,261.0330,4730
SAB,20190904,261.0330,263.0454,252.5044,252.5044,65880
SAB,20190905,253.9500,258.2869,253.9500,256.3530,20760
SAB,20190906,255.0038,257.3167,255.0038,256.3530,8150
SAB,20190909,258.1841,258.1841,256.0639,256.3530,16570
SAB,20190910,257.3167,257.3167,252.4981,253.4618,7410
SAB,20190911,253.4618,256.2566,252.4981,252.9799,12590
SAB,20190912,253.2690,253.2690,251.5343,251.7271,8240
SAB,20190913,251.7271,254.4256,251.0525,254.4255,22160
SAB,20190916,251.0524,257.1240,251.0524,254.4255,3990
SAB,20190917,256.3530,256.3530,251.7270,256.2566,2620
SAB,20190918,256.2566,257.1240,255.0037,255.6784,8270
SAB,20190919,255.3893,255.6784,252.4981,255.4856,23710
SAB,20190920,255.6783,258.1841,255.3892,257.3167,24960
SAB,20190923,258.9550,258.9550,252.5944,255.9675,5610
SAB,20190924,255.3893,259.2442,253.4618,253.4618,21610
SAB,20190925,257.5095,263.0991,253.4618,253.4618,28430
SAB,20190926,253.4618,262.8100,253.4618,253.9437,12700
SAB,20190927,258.2805,258.2805,253.9437,256.8349,9830
SAB,20190930,257.3168,257.3168,253.9437,254.0400,8130
SAB,20191001,254.0400,255.3892,252.4980,252.4981,19770
SAB,20191002,255.3893,255.3893,252.4981,255.2929,7540
SAB,20191003,255.2929,255.8711,252.4981,252.4981,7300
SAB,20191004,252.5945,254.8111,234.8618,248.6431,17620
SAB,20191007,248.6431,252.4980,246.8120,250.5706,11360
SAB,20191008,252.3053,252.4981,249.1250,249.1250,4820
SAB,20191009,247.7758,249.9924,245.7519,246.0410,5760
SAB,20191010,246.0410,248.3540,246.0410,246.0410,16570
SAB,20191011,245.7519,248.6431,245.7519,248.3540,13760
SAB,20191014,244.8846,249.6069,244.8846,249.1250,27180
SAB,20191015,248.6431,248.9323,246.5229,247.4866,9930
SAB,20191016,246.6192,249.6068,246.6192,246.7157,11950
SAB,20191017,248.6432,249.6069,243.8245,243.8245,28490
SAB,20191018,246.2338,247.6794,242.9571,242.9571,9610
SAB,20191021,243.8245,245.7519,236.1146,236.1146,13700
SAB,20191022,232.2597,242.7644,232.2597,242.7643,22480
SAB,20191023,242.3788,244.6918,241.4151,242.8607,30060
SAB,20191024,243.7281,244.4990,241.9933,243.8245,10090
SAB,20191025,244.7882,248.0649,244.7882,246.7157,45010
SAB,20191028,250.5706,250.5706,247.1976,248.1613,21110
SAB,20191029,248.2577,252.9800,248.1613,250.5706,55090
SAB,20191030,252.4981,252.4981,248.7395,251.5343,23080
SAB,20191031,251.5343,252.7872,251.0524,251.0525,26250
SAB,20191101,250.5706,252.4017,250.5706,250.5706,20980
SAB,20191104,252.4017,252.4017,250.5706,250.5706,14250
SAB,20191105,251.5343,251.7271,250.3779,250.5706,13210
SAB,20191106,252.3053,252.4017,249.7032,250.5706,18750
SAB,20191107,250.5706,252.6908,249.6069,250.5706,34130
SAB,20191108,252.4981,252.4981,250.5706,250.5706,41090
SAB,20191111,250.5706,252.4981,244.9809,245.8483,21390
SAB,20191112,246.7157,248.6431,245.7519,245.7519,16160
SAB,20191113,247.6794,247.6794,241.4151,242.8607,46510
SAB,20191114,242.8607,245.6555,241.4151,242.8607,29190
SAB,20191115,242.8607,244.7882,225.8990,242.8607,36340
SAB,20191118,243.9208,245.7519,243.8244,243.8245,11910
SAB,20191119,241.9934,245.7520,241.8970,241.8970,9030
SAB,20191120,241.8970,241.8970,237.1747,237.3674,15580
SAB,20191121,238.0420,241.4151,232.2596,232.2597,85540
SAB,20191122,236.1146,237.0784,225.5136,226.4773,54770
SAB,20191125,231.1996,231.1996,223.7788,224.5498,29020
SAB,20191126,231.2959,231.2959,221.6586,221.6586,92480
SAB,20191127,221.6586,225.5135,221.6586,222.1405,53280
SAB,20191128,222.1405,225.0317,221.6586,221.6586,98060
SAB,20191129,221.6586,224.5498,217.8037,217.8037,70110
SAB,20191202,217.8037,221.6586,217.8037,220.6949,22650
SAB,20191203,221.6586,222.1405,219.7312,220.7912,21660
SAB,20191204,219.8275,223.4897,219.8275,222.3332,32870
SAB,20191205,223.1042,223.8752,222.6223,223.3933,18480
SAB,20191206,223.3933,227.4410,223.1042,224.5498,33170
SAB,20191209,226.3809,228.8866,225.6099,227.2482,38170
SAB,20191210,227.2482,227.3446,224.6461,224.6462,26330
SAB,20191211,226.4773,227.2483,224.5498,224.6462,7160
SAB,20191212,227.0555,227.8265,224.7425,224.7425,15830
SAB,20191213,227.3446,227.3446,224.7425,224.7425,10640
SAB,20191216,224.7425,226.4772,224.5498,224.5498,6630
SAB,20191217,224.8389,226.6700,224.5498,224.5498,24430
SAB,20191218,224.9353,225.7063,224.0679,224.5498,35670
SAB,20191219,224.5498,226.4773,224.5498,224.5498,13440
SAB,20191220,225.4172,226.1881,224.6462,225.6099,51830
SAB,20191223,226.4773,227.0555,225.8990,226.0918,21230
SAB,20191224,226.1882,226.5737,224.5498,224.5498,25400
SAB,20191225,224.5498,226.1881,224.0679,224.0679,54260
SAB,20191226,223.5860,225.0316,222.6223,224.9353,24610
SAB,20191227,224.9353,224.9353,222.1405,222.1405,36340
SAB,20191230,224.0680,224.0680,217.3218,221.6586,40760
SAB,20191231,221.6586,221.6586,215.8762,219.7311,42900
SAB,20200102,219.7311,219.7311,215.8762,215.8762,28600
SAB,20200103,215.8762,218.7674,215.8762,216.4544,17590
SAB,20200106,214.9124,216.3580,214.4306,215.6835,35850
SAB,20200107,214.5270,216.7436,214.5270,215.8762,15580
SAB,20200108,216.3581,216.3581,214.5270,215.1052,30610
SAB,20200109,213.9487,219.6347,212.9850,218.7674,54030
SAB,20200110,218.7674,225.9954,218.7674,225.0317,55770
SAB,20200113,225.0317,226.7664,225.0317,225.4172,22590
SAB,20200114,223.5861,225.4172,223.5861,224.5498,9340
SAB,20200115,224.5498,225.9954,224.5498,225.5135,22540
SAB,20200116,224.5498,226.3809,224.5498,224.8389,9270
SAB,20200117,224.8389,225.9954,224.5498,225.9954,12580
SAB,20200120,224.5498,227.4410,224.5498,227.4410,17170
SAB,20200121,227.4410,227.4410,224.5498,224.5498,52160
SAB,20200122,224.5498,227.4410,222.7187,224.0679,11510
SAB,20200130,223.0078,223.0078,210.0938,210.0938,38140
SAB,20200131,204.3114,217.4182,196.6015,204.3114,24730
SAB,20200203,190.0482,204.3114,190.0482,201.3238,16880
SAB,20200204,201.3238,201.3238,192.7466,195.6378,167140
SAB,20200205,195.6378,195.6378,186.9642,186.9642,43870
SAB,20200206,186.9642,191.7829,182.4347,183.1093,165080
SAB,20200207,185.0368,191.7829,184.0730,187.9279,47950
SAB,20200210,191.7828,191.7828,187.9279,187.9279,69570
SAB,20200211,187.9279,187.9279,186.9642,186.9642,26300
SAB,20200212,188.7953,188.7953,184.0730,184.0730,57410
SAB,20200213,188.2944,188.2944,184.5639,187.5152,76770
SAB,20200214,189.3805,189.4787,185.6499,186.3371,38650
SAB,20200217,186.3371,186.5335,182.6064,182.6064,31460
SAB,20200218,179.1703,179.6611,174.7524,174.7524,86320
SAB,20200219,173.7706,176.7159,171.8071,174.7524,105560
SAB,20200220,176.7159,177.2068,175.6360,176.7159,280190
SAB,20200221,176.7159,178.2867,176.7159,177.3049,45380
SAB,20200224,176.9122,176.9122,173.8688,174.7524,43780
SAB,20200225,176.7159,176.7159,173.1816,174.7524,16230
SAB,20200226,176.1269,176.1269,172.9852,173.7706,79880
SAB,20200227,173.7706,173.9670,170.0399,170.0399,46300
SAB,20200228,169.1563,169.1563,159.0442,159.0443,76910
SAB,20200302,159.0443,169.8436,159.0443,166.8983,179490
SAB,20200303,169.3527,169.3527,165.9165,166.8983,129270
SAB,20200304,166.8983,167.2910,164.9348,165.9166,30310
SAB,20200305,165.9166,166.8984,165.9166,165.9166,65380
SAB,20200306,165.9166,165.9166,159.0443,159.6333,38170
SAB,20200309,150.2085,156.0990,148.5395,152.4665,107570
SAB,20200310,152.4665,156.9826,148.2450,152.4665,39620
SAB,20200311,152.5647,157.0807,149.2267,149.2267,73120
SAB,20200312,146.5760,156.9826,139.5073,141.9617,38400
SAB,20200313,135.4821,150.2084,135.4821,141.3727,54560
SAB,20200316,139.4092,147.2632,136.4639,147.2632,46800
SAB,20200317,138.4274,147.2632,138.4274,138.5256,25320
SAB,20200318,138.5256,143.2380,133.5187,133.5187,49230
SAB,20200319,128.1190,135.4822,124.6829,124.6829,40740
SAB,20200320,124.6829,128.6099,117.9088,123.7011,51940
SAB,20200323,118.7923,123.2102,115.0617,115.0617,38230
SAB,20200324,109.9566,117.6143,109.4657,113.3927,24520
SAB,20200325,113.8836,120.7559,113.7854,117.8106,137910
SAB,20200326,119.2832,124.2902,117.8106,122.7194,188080
SAB,20200327,122.7194,129.8862,122.7194,127.2354,145570
SAB,20200330,127.2354,127.6281,118.3996,118.8905,24210
SAB,20200331,118.8905,126.5482,118.8905,120.7558,19220
SAB,20200401,119.9704,125.5664,118.3996,120.8540,33750
SAB,20200403,127.1372,127.5299,122.7193,122.7194,67800
SAB,20200406,126.6464,131.0643,124.6829,129.5916,85700
SAB,20200407,135.4821,136.4639,129.5916,134.5004,67530
SAB,20200408,135.4822,139.9001,133.5186,135.4822,86700
SAB,20200409,137.4457,144.9070,137.4457,137.4457,236310
SAB,20200410,141.5691,144.2198,137.4457,138.4274,33310
SAB,20200413,140.3909,142.8453,138.4274,138.4274,40030
SAB,20200414,143.1398,143.1398,138.7219,140.7836,54340
SAB,20200415,140.8818,150.6011,140.8818,150.2085,210030
SAB,20200416,154.7246,160.2224,150.2085,154.7246,158280
SAB,20200417,162.3823,164.9349,161.9896,162.3822,128300
SAB,20200420,168.8618,173.6724,165.0329,173.6724,108760
SAB,20200421,173.6724,185.7480,166.8983,166.8983,204650
SAB,20200422,171.8071,171.8071,156.8844,171.8071,103890
SAB,20200423,183.4900,183.4900,175.4396,177.3049,119240
SAB,20200424,176.7158,181.6246,172.0034,176.7159,77880
SAB,20200427,176.7159,176.7159,171.8071,176.7159,81050
SAB,20200428,166.8983,176.6177,166.8983,166.8983,73210
SAB,20200429,166.8983,171.8071,160.0260,160.0260,146240
SAB,20200504,160.0260,160.5169,152.1720,152.1720,198030
SAB,20200505,152.1720,152.1720,148.1468,148.9322,117620
SAB,20200506,158.8479,158.8479,149.2267,155.1173,86530
SAB,20200507,158.9461,165.9166,157.0808,165.9166,63680
SAB,20200508,166.8984,176.7159,166.8984,168.8618,245530
SAB,20200511,169.9417,172.7888,165.9165,169.9418,111670
SAB,20200512,170.1382,171.9053,169.8436,170.3345,59110
SAB,20200513,164.9348,170.8254,162.9713,168.8618,115740
SAB,20200514,168.8618,169.8436,167.8800,169.0582,45790
SAB,20200515,169.0582,171.8071,169.0582,169.0582,58620
SAB,20200518,170.8254,170.8254,169.1564,169.8436,111480
SAB,20200519,171.8071,173.7706,168.8618,168.8618,181100
SAB,20200520,171.8071,171.8071,169.3527,169.3527,60740
SAB,20200521,174.7524,174.7524,169.8436,172.7889,128710
SAB,20200522,172.7889,172.7889,169.8436,170.8253,45220
SAB,20200525,170.8253,172.8870,169.8435,171.8071,59220
SAB,20200526,171.9053,175.7341,171.3162,172.1016,97860
SAB,20200527,172.3961,172.7888,171.8071,172.0034,72140
SAB,20200528,173.2797,173.9669,169.8435,172.0034,73990
SAB,20200529,171.6107,173.7706,170.8253,173.1816,61380
SAB,20200601,173.1816,178.6794,172.1017,174.4578,86810
SAB,20200602,174.4578,185.5516,174.4578,179.6611,144460
SAB,20200603,180.1520,181.6246,176.7158,176.7159,54700
SAB,20200604,178.4831,179.6612,175.7341,175.7341,51660
SAB,20200605,175.7341,178.5812,175.7341,175.7341,26270
SAB,20200608,178.6794,180.1520,175.7341,178.6794,98910
SAB,20200609,179.3666,179.3666,174.7524,175.4396,54360
SAB,20200610,175.4396,176.7159,174.2615,174.7524,44990
SAB,20200611,174.7524,177.2068,173.7706,173.7706,61230
SAB,20200612,170.8253,174.5560,167.9782,168.8618,95400
SAB,20200615,168.8618,171.8071,162.4804,162.9713,39640
SAB,20200616,165.4257,169.7454,162.9713,163.0695,62570
SAB,20200617,170.6290,170.6290,163.0695,163.0695,37500
SAB,20200618,163.0695,166.3093,162.9713,163.2658,24530
SAB,20200619,163.2658,165.9165,163.2658,163.2658,26650
SAB,20200622,165.9165,165.9165,162.9713,162.9713,52660
SAB,20200623,161.9895,164.0512,161.0078,161.0078,38700
SAB,20200624,161.9896,162.9713,157.0808,157.0808,82380
SAB,20200625,157.0808,161.0078,156.0990,157.0808,56510
SAB,20200626,157.0808,162.2841,157.0808,161.7932,78810
SAB,20200629,158.0625,161.0078,157.5717,157.5717,59040
SAB,20200630,157.5717,161.0078,154.1355,154.1355,62530
SAB,20200701,153.1537,161.9895,153.1537,160.0260,58620
SAB,20200702,160.0260,163.9530,159.5351,163.8549,46960
SAB,20200703,164.9348,172.6907,161.9896,171.8071,200340
SAB,20200706,174.5560,178.6794,174.5560,177.2067,146350
SAB,20200707,180.1520,185.1589,179.6611,181.7228,244640
SAB,20200708,181.6246,190.1659,178.0903,189.4787,357430
SAB,20200709,191.3440,202.7324,191.3440,201.2597,285960
SAB,20200710,201.2597,212.0590,200.2779,202.2415,190990
SAB,20200713,202.2415,205.9722,196.3510,196.3510,150810
SAB,20200714,193.4057,195.8601,187.5152,191.4422,180690
SAB,20200715,191.9331,198.3145,188.0061,188.0061,258700
SAB,20200716,187.5152,189.4787,186.5335,189.4787,358550
SAB,20200717,193.4057,193.4057,188.0061,188.4969,89590
SAB,20200720,187.5151,190.4604,187.0243,187.5152,129850
SAB,20200721,187.1225,190.8532,186.5334,186.8279,73700
SAB,20200722,186.8279,189.3805,186.6315,186.6316,106850
SAB,20200723,186.5334,186.5334,183.7845,184.3736,137160
SAB,20200724,182.6064,183.5882,175.8323,177.7958,235580
SAB,20200727,169.8436,172.7889,165.4257,169.8436,236260
SAB,20200728,169.8436,181.6247,164.9348,176.7159,237000
SAB,20200729,171.8071,179.5630,167.8801,167.8801,219800
SAB,20200730,167.8801,171.3162,165.9166,166.9965,81480
SAB,20200731,165.9166,168.8618,162.9713,164.9348,201570
SAB,20200803,166.7020,168.7636,164.9348,165.9166,163920
SAB,20200804,165.9166,169.7454,165.9166,168.0764,242370
SAB,20200805,170.8253,177.6976,168.4691,172.7889,298550
SAB,20200806,175.6360,180.1521,173.7707,179.1703,213840
SAB,20200807,178.6794,181.1338,176.7159,180.6429,160550
SAB,20200810,179.7593,182.6064,176.6177,176.6177,151620
SAB,20200811,176.6177,177.5995,173.8688,175.2432,147070
SAB,20200812,175.2432,177.2067,175.2432,175.6359,138750
SAB,20200813,177.4031,180.6428,177.4031,179.6611,72580
SAB,20200814,179.6611,185.4535,178.6793,181.6246,242070
SAB,20200817,180.4465,181.1337,177.3049,180.4465,91080
SAB,20200818,180.6429,180.6429,176.7158,177.3049,67930
SAB,20200819,177.3049,178.9739,177.1085,177.3049,76720
SAB,20200820,177.3049,178.6794,176.3231,176.3232,117630
SAB,20200821,176.7159,178.5812,176.3232,176.3232,110610
SAB,20200824,176.8141,180.6429,176.8141,179.6611,96690
SAB,20200825,179.6611,184.6680,179.6611,183.0973,134910
SAB,20200826,183.5882,184.5699,180.8392,180.8392,88320
SAB,20200827,180.8392,182.6064,179.6611,179.6611,76590
SAB,20200828,182.1155,182.6064,178.6793,178.6794,97130
SAB,20200831,181.5265,189.3805,179.7593,188.0061,271460
SAB,20200901,190.4605,190.4605,186.5334,186.5334,131710
SAB,20200903,188.3987,191.1476,187.8097,190.2641,148770
SAB,20200904,188.4969,191.9331,188.1042,188.6933,140040
SAB,20200907,190.4605,192.4240,188.6933,188.6933,188280
SAB,20200908,188.7915,189.4787,186.5334,187.7115,106590
SAB,20200909,187.4170,187.6133,184.5699,186.5334,123070
SAB,20200910,188.4969,188.4969,185.5516,185.5517,79060
SAB,20200911,185.5517,187.4170,184.5699,184.5699,62980
SAB,20200914,185.5517,186.0425,183.5881,184.7663,49050
SAB,20200915,185.5517,187.5152,184.7663,184.7663,36360
SAB,20200916,187.5152,187.5152,184.7663,184.7663,43570
SAB,20200917,184.7663,186.4353,184.7663,184.7663,101220
SAB,20200918,184.7663,187.0243,184.7663,185.3553,45640
SAB,20200921,185.8462,188.3006,185.8462,186.5334,99530
SAB,20200922,187.5152,188.8896,185.5516,185.5517,149610
SAB,20200923,188.2024,188.2024,186.0426,186.5334,35640
SAB,20200924,186.5334,186.9261,183.5881,183.5882,70830
SAB,20200925,183.7846,185.0608,183.5882,183.5882,143900
SAB,20200928,183.5882,184.5700,183.5882,184.5699,80960
SAB,20200929,184.5699,184.7663,181.6246,181.6246,132450
SAB,20200930,181.6246,182.1155,178.7775,179.9557,149060
SAB,20201001,181.1338,181.7229,179.9557,181.1338,22330
SAB,20201002,180.5447,181.5265,180.1520,181.1338,45510
SAB,20201005,182.6064,182.6064,181.1338,181.1338,74270
SAB,20201006,181.8210,183.3918,181.2320,182.9009,55370
SAB,20201007,182.9009,186.5334,182.6064,186.5334,64920
SAB,20201008,186.5334,186.5334,184.5699,184.5699,46140
SAB,20201009,185.5517,189.4787,184.1772,189.4787,120760
SAB,20201012,190.4605,192.2276,184.6681,184.6681,237110
SAB,20201013,187.4170,187.4170,179.6611,180.6429,234100
SAB,20201014,180.6429,192.3258,180.6429,186.5334,119830
SAB,20201015,187.5152,188.9878,185.0608,186.5334,168860
SAB,20201016,187.0243,187.9079,185.0608,185.0608,129690
SAB,20201019,184.5699,185.0608,183.6863,184.2754,125140
SAB,20201020,184.2754,184.2754,181.6247,182.2137,153360
SAB,20201021,185.5517,185.5517,181.7228,182.3119,86940
SAB,20201022,182.3119,183.5882,181.3301,181.6246,34260
SAB,20201023,182.1155,183.0972,181.6246,182.4100,179100
SAB,20201026,182.6064,185.0607,181.6246,181.6246,88480
SAB,20201027,181.6246,183.3918,181.3301,181.7228,40620
SAB,20201028,180.8392,182.6064,180.6429,181.1338,106000
SAB,20201029,179.2685,182.4101,179.2685,181.1338,98050
SAB,20201030,181.4283,182.6064,180.7411,180.9374,64260
SAB,20201102,180.9374,182.5082,172.7888,182.1155,83850
SAB,20201103,182.3119,182.6064,180.6429,182.1155,79990
SAB,20201104,182.6064,182.8027,181.5264,182.1155,59300
SAB,20201105,181.6246,182.9009,181.1337,181.1338,45060
SAB,20201106,181.6247,181.6247,180.7411,180.7411,71100
SAB,20201109,182.0174,182.1156,180.1520,180.3484,98730
SAB,20201110,182.0174,182.1156,178.6794,178.6794,113900
SAB,20201111,180.6429,180.6429,178.3849,178.4830,93800
SAB,20201112,178.4830,180.5447,178.4830,180.0538,36230
SAB,20201113,179.6611,181.6246,179.6611,181.6246,42160
SAB,20201116,182.6064,183.5881,178.4830,178.4830,203680
SAB,20201117,180.7410,180.7410,178.3848,178.8757,185660
SAB,20201118,178.8757,182.1155,178.8757,180.2502,167810
SAB,20201119,180.6429,190.1659,180.6429,190.1659,224980
SAB,20201120,186.5334,189.4787,186.5334,188.4969,152640
SAB,20201123,188.4969,188.8896,186.4352,187.0243,114550
SAB,20201124,186.8279,188.4969,185.1590,185.7480,110210
SAB,20201125,188.6933,190.6568,185.7480,188.6933,194220
SAB,20201126,189.4787,192.4240,189.4787,191.4422,252940
SAB,20201127,191.4422,192.9148,189.7732,189.9696,62480
SAB,20201130,191.4576,191.4576,188.4816,189.9613,189880
SAB,20201201,191.9452,191.9452,188.5725,191.9452,107090
SAB,20201202,191.9452,195.6155,190.9532,195.2187,179880
SAB,20201203,195.1195,195.1195,192.5404,193.4332,96410
SAB,20201204,193.4332,202.3609,193.4332,200.3769,159810
SAB,20201207,200.3769,206.8247,200.3769,205.3368,76500
SAB,20201208,205.4360,207.3207,204.3448,204.3448,122260
SAB,20201209,201.4681,203.3528,198.3930,198.8890,102350
SAB,20201210,200.3769,201.6665,196.5083,196.5083,61250
SAB,20201211,196.5083,203.0553,196.5083,203.0553,48840
SAB,20201214,203.0553,203.0553,201.3690,202.3609,53970
SAB,20201215,197.4011,202.8569,197.0043,197.4011,116620
SAB,20201216,197.4011,201.2698,197.4011,197.5002,29800
SAB,20201217,198.3930,200.3769,183.7119,196.4091,206620
SAB,20201218,200.1786,200.3770,194.9212,200.1786,105530
SAB,20201221,200.1786,200.2778,197.5003,198.3930,47370
SAB,20201222,197.8970,198.0954,196.2107,197.8970,81000
SAB,20201223,197.8970,198.3930,195.4171,195.4171,94860
SAB,20201224,196.4091,197.8970,193.4332,196.4091,71760
SAB,20201225,196.9051,196.9051,194.4252,196.4091,44010
SAB,20201228,196.6075,197.5003,194.9212,195.5163,111170
SAB,20201229,195.5163,200.3769,194.9211,198.2938,80630
SAB,20201230,198.3930,200.1785,197.2026,198.3930,97540
SAB,20201231,198.3930,199.0874,193.4332,193.4332,146100
SAB,20210104,196.9051,199.3850,193.6316,197.7978,159700
SAB,20210105,197.7978,197.9962,196.2107,197.4011,123300
SAB,20210106,196.0123,197.0043,193.4332,196.9051,164600
SAB,20210107,196.7067,197.4011,194.5244,196.2107,129900
SAB,20210108,196.2107,198.2938,196.2107,196.6075,152900
SAB,20210111,200.6746,203.3529,196.8059,200.6745,170700
SAB,20210112,203.0552,204.3448,200.8729,203.8488,192900
SAB,20210113,205.3367,209.3046,204.3448,205.4360,226400
SAB,20210114,208.3127,208.3127,203.3528,203.3528,155100
SAB,20210115,203.3528,203.7496,198.3930,198.8890,229500
SAB,20210118,197.8970,198.7898,195.6155,198.7898,136900
SAB,20210119,198.7898,198.7898,185.4975,191.4493,134700
SAB,20210120,191.4493,193.1356,188.4734,193.1356,226800
SAB,20210121,192.4412,193.7308,190.4573,192.4412,165200
SAB,20210122,192.4412,193.1356,191.3500,192.4412,131000
SAB,20210125,192.4412,194.0283,190.4573,192.4412,144200
SAB,20210126,192.3420,192.3420,184.5055,188.4734,227400
SAB,20210127,185.0015,188.3742,180.8353,185.2991,227600
SAB,20210128,178.5537,179.7441,172.4035,172.4035,284400
SAB,20210129,168.6340,182.3231,160.4007,160.4008,508600
SAB,20210201,171.6100,171.6100,171.6100,171.6100,109000
SAB,20210202,177.1650,178.5538,176.0738,177.5617,459900
SAB,20210203,177.5617,178.5537,176.5697,177.5617,240500
SAB,20210204,177.5617,183.5135,177.5617,180.6368,296100
SAB,20210205,180.5376,180.7360,179.9424,180.4384,112500
SAB,20210208,180.4384,182.3231,170.6179,172.6019,141100
SAB,20210209,178.7521,179.4465,172.6019,178.7521,129900
SAB,20210217,179.9425,180.5376,178.5537,179.9425,162000
SAB,20210218,190.9533,190.9533,179.5457,190.9533,195500
SAB,20210219,190.1597,190.9533,187.4814,190.1597,150200
SAB,20210222,186.5886,189.8621,186.5886,188.4734,101100
SAB,20210223,188.4734,188.4734,183.5136,184.5055,224000
SAB,20210224,186.4894,186.4894,183.5135,183.8111,58100
SAB,20210225,184.5055,187.4814,183.9103,185.9935,92700
SAB,20210226,184.5056,186.4895,183.9104,186.4894,62100
SAB,20210301,186.4894,186.5886,183.5135,186.2910,111500
SAB,20210302,187.0000,187.0000,181.1000,185.4000,105500
SAB,20210303,185.4000,185.4000,182.5000,182.8000,103200
SAB,20210304,183.0000,183.2000,173.0000,178.0000,219900
SAB,20210305,178.0000,178.0000,175.5000,176.5000,178600
SAB,20210308,176.5000,177.0000,174.0000,175.0000,203100
SAB,20210309,175.5000,175.5000,172.5000,173.0000,167500
SAB,20210310,173.0000,174.0000,173.0000,173.3000,182100
SAB,20210311,176.0000,176.5000,174.0000,176.0000,193500
SAB,20210312,177.7000,178.0000,176.5000,178.0000,65900
SAB,20210315,178.0000,178.2000,176.5000,177.0000,114100
SAB,20210316,177.0000,180.8000,176.8000,180.6000,91200
SAB,20210317,179.0000,180.6000,178.8000,179.2000,93200
SAB,20210318,180.0000,180.8000,179.8000,180.6000,66800
SAB,20210319,180.0000,180.0000,177.0000,180.0000,75100
SAB,20210322,179.0000,180.0000,177.2000,179.0000,40700
SAB,20210323,175.3000,178.2000,175.3000,178.0000,41900
SAB,20210324,175.0000,178.0000,174.7000,175.5000,50400
SAB,20210325,178.0000,178.0000,174.0000,175.0000,146100
SAB,20210326,173.7000,175.0000,172.5000,173.0000,108500
SAB,20210329,173.0000,174.0000,172.8000,173.3000,102300
SAB,20210330,173.0000,175.5000,172.5000,175.0000,100000
SAB,20210331,175.0000,180.0000,171.0000,180.0000,168700
SAB,20210401,180.0000,180.0000,178.1000,179.0000,177600
SAB,20210402,179.0000,180.0000,178.7000,180.0000,85600
SAB,20210405,189.0000,189.0000,179.0000,179.5000,285000
SAB,20210406,179.5000,180.0000,174.6000,178.0000,172400
SAB,20210407,178.0000,178.0000,176.0000,177.0000,127000
SAB,20210408,177.0000,177.0000,173.5000,174.0000,147300
SAB,20210409,174.8000,175.3000,174.0000,174.0000,183000
SAB,20210412,177.5000,177.5000,174.6000,175.0000,168100
SAB,20210413,176.5000,176.5000,173.1000,173.4000,173200
SAB,20210414,173.4000,173.9000,171.9000,172.7000,183300
SAB,20210415,172.5000,174.8000,171.5000,171.7000,159000
SAB,20210416,171.0000,171.0000,168.0000,169.1000,165300
SAB,20210419,169.0000,170.0000,166.1000,170.0000,153600
SAB,20210420,170.2000,171.1000,169.0000,170.0000,186700
SAB,20210422,170.0000,170.5000,167.0000,167.6000,112600
SAB,20210423,167.8000,170.0000,166.8000,170.0000,175900
SAB,20210426,172.0000,172.0000,164.5000,170.0000,184400
SAB,20210427,170.0000,170.0000,165.4000,169.8000,88700
SAB,20210428,169.8000,169.8000,166.7000,169.8000,141900
SAB,20210429,169.8000,169.8000,165.2000,167.1000,170100
SAB,20210504,167.1000,167.1000,161.0000,161.2000,278200
SAB,20210505,161.5000,161.5000,160.1000,160.4000,264400
SAB,20210506,160.4000,160.4000,154.6000,156.0000,362700
SAB,20210507,155.9000,156.7000,152.0000,153.0000,199900
SAB,20210510,150.0000,152.3000,150.0000,150.5000,235200
SAB,20210511,151.0000,160.0000,151.0000,152.2000,238100
SAB,20210512,152.2000,152.8000,151.0000,151.7000,91400
SAB,20210513,151.5000,155.2000,150.6000,154.2000,394900
SAB,20210514,154.2000,157.0000,154.0000,154.9000,242500
SAB,20210517,156.0000,156.0000,154.5000,154.5000,214200
SAB,20210518,154.0000,155.0000,153.5000,154.0000,248100
SAB,20210519,154.0000,154.2000,152.5000,153.5000,180500
SAB,20210520,153.5000,153.5000,151.5000,152.1000,122100
SAB,20210521,151.0000,152.0000,150.1000,150.2000,170500
SAB,20210524,151.5000,155.2000,150.3000,153.9000,182600
SAB,20210525,156.0000,158.0000,155.1000,157.9000,174200
SAB,20210526,157.8000,164.3000,156.0000,163.8000,160900
SAB,20210527,163.8000,164.0000,160.0000,163.0000,229100
SAB,20210528,160.0000,163.8000,160.0000,161.5000,186100
SAB,20210531,159.0000,160.5000,154.0000,155.5000,169300
SAB,20210601,153.2000,156.2000,152.0000,154.0000,127300
SAB,20210602,152.3000,154.0000,151.6000,152.0000,149300
SAB,20210603,152.0000,154.0000,152.0000,153.9000,207600
SAB,20210604,155.7000,155.7000,152.5000,153.7000,197400
SAB,20210607,153.7000,156.0000,153.0000,155.1000,163500
SAB,20210608,155.9000,160.2000,155.0000,156.8000,312400
SAB,20210609,158.1000,160.0000,156.0000,156.9000,94900
SAB,20210610,157.3000,162.5000,157.3000,160.0000,690600
SAB,20210611,161.0000,164.9000,161.0000,164.1000,359400
SAB,20210614,164.1000,166.0000,164.1000,165.5000,138600
SAB,20210615,164.5000,170.5000,163.4000,168.5000,268600
SAB,20210616,168.0000,169.0000,166.0000,169.0000,235800
SAB,20210617,165.5000,167.9000,165.5000,166.0000,82700
SAB,20210618,167.0000,172.0000,166.5000,171.2000,163800
SAB,20210621,170.0000,172.0000,169.0000,170.0000,119200
SAB,20210622,172.0000,172.0000,167.1000,167.1000,207400
SAB,20210623,167.1000,171.0000,167.1000,170.2000,186000
SAB,20210624,170.7000,172.3000,170.0000,171.9000,148100
SAB,20210625,171.9000,172.0000,168.5000,171.9000,110700
SAB,20210628,171.9000,172.0000,170.0000,171.1000,184300
SAB,20210629,171.1000,171.1000,169.5000,169.6000,90800
SAB,20210630,169.0000,169.6000,168.0000,169.1000,86800
SAB,20210701,169.5000,169.5000,166.3000,167.7000,157000
SAB,20210702,169.3000,169.3000,166.3000,169.2000,104000
SAB,20210705,170.0000,170.0000,165.5000,166.5000,64900
SAB,20210706,166.5000,166.6000,164.0000,164.0000,65200
SAB,20210707,164.0000,164.2000,160.4000,162.5000,249800
SAB,20210708,161.2000,162.8000,161.1000,162.5000,265000
SAB,20210709,163.0000,163.0000,160.0000,160.0000,58300
SAB,20210712,160.0000,160.0000,154.0000,158.8000,105800
SAB,20210713,158.0000,158.5000,156.1000,157.0000,83700
SAB,20210714,157.0000,161.9000,157.0000,160.0000,158200
SAB,20210715,158.0000,159.9000,156.0000,159.9000,134400
SAB,20210716,159.9000,159.9000,158.0000,158.0000,83900
SAB,20210719,157.0000,157.0000,153.5000,154.5000,127000
SAB,20210720,154.5000,156.5000,154.0000,155.0000,194300
SAB,20210721,156.5000,157.5000,156.0000,156.8000,110500
SAB,20210722,155.5000,156.5000,155.3000,156.3000,109500
SAB,20210723,156.0000,157.9000,153.6000,153.6000,256800
SAB,20210726,153.6000,154.1000,153.0000,153.5000,91000
SAB,20210727,156.0000,159.0000,154.0000,154.5000,74000
SAB,20210728,154.7000,156.0000,154.5000,154.5000,38500
SAB,20210729,154.6000,157.0000,154.6000,157.0000,104800
SAB,20210730,159.4000,160.0000,156.0000,159.0000,501300
SAB,20210802,157.8000,157.8000,155.0000,155.1000,237200
SAB,20210803,156.0000,156.0000,155.3000,155.3000,121000
SAB,20210804,156.0000,158.0000,156.0000,157.3000,50200
SAB,20210805,155.5000,157.0000,154.9000,155.7000,165900
SAB,20210806,157.1000,157.1000,155.1000,155.2000,100900
SAB,20210809,155.2000,157.0000,155.1000,155.1000,149100
SAB,20210810,155.2000,156.8000,154.1000,154.1000,290100
SAB,20210811,155.0000,155.3000,154.2000,154.2000,185900
SAB,20210812,154.1000,154.2000,153.1000,153.1000,212000
SAB,20210813,153.1000,153.1000,151.6000,151.8000,181200
SAB,20210816,151.8000,152.5000,151.4000,151.6000,198600
SAB,20210817,151.6000,151.6000,145.0000,145.5000,558200
SAB,20210818,145.8000,149.0000,145.8000,146.0000,344800
SAB,20210819,146.5000,148.0000,145.2000,148.0000,473300
SAB,20210820,147.7000,147.7000,143.0000,143.0000,347100
SAB,20210823,143.0000,143.0000,140.0000,140.0000,301500
SAB,20210824,141.0000,142.9000,139.8000,142.4000,194300
SAB,20210825,142.4000,147.8000,142.4000,147.2000,240000
SAB,20210826,147.1000,147.9000,146.5000,147.6000,144900
SAB,20210827,147.3000,149.0000,145.7000,148.5000,137300
SAB,20210830,148.5000,149.5000,147.0000,147.2000,117800
SAB,20210831,147.2000,150.0000,146.5000,150.0000,162700
SAB,20210901,149.7000,149.7000,148.0000,148.7000,68500
SAB,20210906,147.5000,150.0000,147.5000,149.2000,115800
SAB,20210907,149.5000,150.8000,148.5000,148.7000,128900
SAB,20210908,148.8000,149.9000,148.3000,149.9000,99900
SAB,20210909,150.1000,150.1000,148.1000,148.8000,79700
SAB,20210910,148.7000,151.9000,148.7000,151.4000,157900
SAB,20210913,156.5000,161.9000,155.5000,161.5000,950000
SAB,20210914,161.9000,169.0000,160.5000,166.0000,368000
SAB,20210915,166.0000,166.0000,158.5000,166.0000,239700
SAB,20210916,163.1000,163.2000,158.5000,161.0000,200200
SAB,20210917,160.0000,161.0000,157.6000,161.0000,796700
SAB,20210920,162.0000,162.0000,158.3000,158.3000,103500
SAB,20210921,158.1000,159.9000,156.0000,158.0000,112100
SAB,20210922,158.5000,159.5000,158.0000,158.0000,91500
SAB,20210923,160.8000,160.8000,157.9000,158.2000,81000
SAB,20210924,159.7000,160.0000,158.2000,160.0000,82100
SAB,20210927,160.0000,160.2000,157.8000,159.0000,80500
SAB,20210928,158.0000,158.4000,157.0000,157.1000,130500
SAB,20210929,157.3000,157.3000,154.1000,156.8000,124500
SAB,20210930,156.5000,157.0000,156.2000,156.4000,80000
SAB,20211001,156.5000,156.5000,154.0000,154.2000,149400
SAB,20211004,154.3000,159.0000,154.2000,155.0000,47900
SAB,20211005,158.4000,160.9000,155.1000,160.5000,151600
SAB,20211006,160.0000,160.0000,157.4000,158.4000,42300
SAB,20211007,159.0000,159.5000,157.3000,158.6000,44000
SAB,20211008,158.6000,163.3000,157.5000,162.7000,147700
SAB,20211011,163.0000,165.0000,162.7000,163.0000,79200
SAB,20211012,164.5000,164.9000,162.0000,163.0000,55700
SAB,20211013,163.9000,164.9000,160.8000,161.0000,157900
SAB,20211014,161.0000,164.9000,159.6000,160.0000,132300
SAB,20211015,160.2000,163.0000,160.2000,162.8000,52900
SAB,20211018,161.0000,162.0000,159.2000,160.0000,210800
SAB,20211019,160.1000,160.1000,156.0000,158.5000,248200
SAB,20211020,158.5000,160.3000,155.1000,155.2000,403600
SAB,20211021,156.2000,158.5000,152.0000,152.0000,224700
SAB,20211022,154.5000,156.5000,154.4000,156.5000,51800
SAB,20211025,156.5000,158.0000,156.5000,156.7000,40000
SAB,20211026,156.9000,157.9000,155.4000,155.4000,73200
SAB,20211027,157.3000,159.9000,156.0000,159.9000,120600
SAB,20211028,162.0000,164.8000,160.2000,164.6000,205900
SAB,20211029,164.6000,164.6000,160.5000,160.5000,222200
SAB,20211101,160.7000,163.0000,160.7000,162.0000,135000
SAB,20211102,162.8000,165.5000,162.0000,165.2000,126300
SAB,20211103,165.2000,172.8000,164.0000,172.6000,344200
SAB,20211104,169.6000,172.6000,167.6000,171.8000,106400
SAB,20211105,168.1000,172.0000,168.1000,172.0000,103300
SAB,20211108,172.0000,173.9000,170.2000,173.7000,139900
SAB,20211109,173.4000,174.0000,171.0000,174.0000,62700
SAB,20211110,174.0000,174.0000,171.0000,173.0000,20700
